AttendanceID,EmployeeID,Date,Status
37,3,01-08-2026,present
41,3,07-08-2026,present
40,3,30-08-2026,present
10,3,02-09-2026,present
11,3,03-09-2026,present
12,3,04-09-2026,present
13,3,05-09-2026,present
14,3,06-09-2026,present
15,3,07-09-2026,present
16,3,08-09-2026,present
17,3,09-09-2026,present
18,3,10-09-2026,present
19,3,11-09-2026,present
20,3,12-09-2026,present
21,3,13-09-2026,present
23,3,14-09-2026,present
22,3,15-09-2026,present
24,3,16-09-2026,present
25,3,17-09-2026,present
26,3,18-09-2026,present
27,3,19-09-2026,present
28,3,20-09-2026,absent
29,3,21-09-2026,absent
30,3,22-09-2026,absent
31,3,23-09-2026,absent
32,3,24-09-2026,absent
33,3,25-09-2026,absent
34,3,26-09-2026,absent
39,3,30-09-2026,present
44,3,01-10-2026,Leave
43,3,03-10-2026,halfDay
